{
  "roc_auc": 0.9621573695742756,
  "pr_auc": 0.7953597836771297
}